﻿,년(Annual),항공분류,구분,LEVEL1,값
0,2017,대한항공,내국인,조종사,1356.0
1,2017,대한항공,내국인,조종사,932.0
2,2017,대한항공,내국인,조종사,2288.0
3,2017,대한항공,내국인,항공정비사,2706.0
4,2017,대한항공,내국인,운항관리사,170.0
5,2017,대한항공,내국인,객실승무원,6341.0
6,2017,대한항공,내국인,계,11505.0
7,2017,대한항공,외국인,조종사,397.0
8,2017,대한항공,외국인,조종사,14.0
9,2017,대한항공,외국인,조종사,411.0
10,2017,대한항공,외국인,객실승무원,471.0
11,2017,대한항공,외국인,계,882.0
12,2017,대한항공,소계,조종사,1753.0
13,2017,대한항공,소계,조종사,946.0
14,2017,대한항공,소계,조종사,2699.0
15,2017,대한항공,소계,항공정비사,2706.0
16,2017,대한항공,소계,운항관리사,170.0
17,2017,대한항공,소계,객실승무원,6812.0
18,2017,대한항공,소계,계,12387.0
19,2017,아시아나항공,내국인,조종사,843.0
20,2017,아시아나항공,내국인,조종사,465.0
21,2017,아시아나항공,내국인,조종사,1308.0
22,2017,아시아나항공,내국인,항공정비사,1439.0
23,2017,아시아나항공,내국인,운항관리사,120.0
24,2017,아시아나항공,내국인,객실승무원,3640.0
25,2017,아시아나항공,내국인,계,6507.0
26,2017,아시아나항공,외국인,조종사,128.0
27,2017,아시아나항공,외국인,조종사,11.0
28,2017,아시아나항공,외국인,조종사,139.0
29,2017,아시아나항공,외국인,항공정비사,2.0
30,2017,아시아나항공,외국인,객실승무원,244.0
31,2017,아시아나항공,외국인,계,385.0
32,2017,아시아나항공,소계,조종사,971.0
33,2017,아시아나항공,소계,조종사,476.0
34,2017,아시아나항공,소계,조종사,1447.0
35,2017,아시아나항공,소계,항공정비사,1441.0
36,2017,아시아나항공,소계,운항관리사,120.0
37,2017,아시아나항공,소계,객실승무원,3884.0
38,2017,아시아나항공,소계,계,6892.0
39,2017,제주항공,내국인,조종사,197.0
40,2017,제주항공,내국인,조종사,191.0
41,2017,제주항공,내국인,조종사,388.0
42,2017,제주항공,내국인,항공정비사,332.0
43,2017,제주항공,내국인,운항관리사,39.0
44,2017,제주항공,내국인,객실승무원,720.0
45,2017,제주항공,내국인,계,1479.0
46,2017,제주항공,외국인,조종사,6.0
47,2017,제주항공,외국인,조종사,6.0
48,2017,제주항공,외국인,계,6.0
49,2017,제주항공,소계,조종사,203.0
50,2017,제주항공,소계,조종사,191.0
51,2017,제주항공,소계,조종사,394.0
52,2017,제주항공,소계,항공정비사,332.0
53,2017,제주항공,소계,운항관리사,39.0
54,2017,제주항공,소계,객실승무원,720.0
55,2017,제주항공,소계,계,1485.0
56,2017,진에어,내국인,조종사,210.0
57,2017,진에어,내국인,조종사,160.0
58,2017,진에어,내국인,조종사,370.0
59,2017,진에어,내국인,항공정비사,133.0
60,2017,진에어,내국인,운항관리사,26.0
61,2017,진에어,내국인,객실승무원,598.0
62,2017,진에어,내국인,계,1127.0
63,2017,진에어,외국인,조종사,3.0
64,2017,진에어,외국인,조종사,7.0
65,2017,진에어,외국인,조종사,10.0
66,2017,진에어,외국인,항공정비사,0.0
67,2017,진에어,외국인,운항관리사,0.0
68,2017,진에어,외국인,객실승무원,0.0
69,2017,진에어,외국인,계,10.0
70,2017,진에어,소계,조종사,213.0
71,2017,진에어,소계,조종사,167.0
72,2017,진에어,소계,조종사,380.0
73,2017,진에어,소계,항공정비사,133.0
74,2017,진에어,소계,운항관리사,26.0
75,2017,진에어,소계,객실승무원,598.0
76,2017,진에어,소계,계,1137.0
77,2017,에어부산,내국인,조종사,113.0
78,2017,에어부산,내국인,조종사,117.0
79,2017,에어부산,내국인,조종사,230.0
80,2017,에어부산,내국인,항공정비사,116.0
81,2017,에어부산,내국인,운항관리사,19.0
82,2017,에어부산,내국인,객실승무원,380.0
83,2017,에어부산,내국인,계,745.0
84,2017,에어부산,외국인,조종사,2.0
85,2017,에어부산,외국인,조종사,2.0
86,2017,에어부산,외국인,계,2.0
87,2017,에어부산,소계,조종사,115.0
88,2017,에어부산,소계,조종사,117.0
89,2017,에어부산,소계,조종사,232.0
90,2017,에어부산,소계,항공정비사,116.0
91,2017,에어부산,소계,운항관리사,19.0
92,2017,에어부산,소계,객실승무원,380.0
93,2017,에어부산,소계,계,747.0
94,2017,이스타항공,내국인,조종사,97.0
95,2017,이스타항공,내국인,조종사,96.0
96,2017,이스타항공,내국인,조종사,193.0
97,2017,이스타항공,내국인,항공정비사,168.0
98,2017,이스타항공,내국인,운항관리사,25.0
99,2017,이스타항공,내국인,객실승무원,376.0
100,2017,이스타항공,내국인,계,762.0
101,2017,이스타항공,외국인,조종사,3.0
102,2017,이스타항공,외국인,조종사,2.0
103,2017,이스타항공,외국인,조종사,5.0
104,2017,이스타항공,외국인,항공정비사,1.0
105,2017,이스타항공,외국인,운항관리사,0.0
106,2017,이스타항공,외국인,객실승무원,1.0
107,2017,이스타항공,외국인,계,7.0
108,2017,이스타항공,소계,조종사,100.0
109,2017,이스타항공,소계,조종사,98.0
110,2017,이스타항공,소계,조종사,198.0
111,2017,이스타항공,소계,항공정비사,169.0
112,2017,이스타항공,소계,운항관리사,25.0
113,2017,이스타항공,소계,객실승무원,377.0
114,2017,이스타항공,소계,계,769.0
115,2017,티웨이,내국인,조종사,124.0
116,2017,티웨이,내국인,조종사,95.0
117,2017,티웨이,내국인,조종사,219.0
118,2017,티웨이,내국인,항공정비사,176.0
119,2017,티웨이,내국인,운항관리사,26.0
120,2017,티웨이,내국인,객실승무원,388.0
121,2017,티웨이,내국인,계,809.0
122,2017,티웨이,외국인,조종사,6.0
123,2017,티웨이,외국인,조종사,6.0
124,2017,티웨이,외국인,조종사,12.0
125,2017,티웨이,외국인,계,12.0
126,2017,티웨이,소계,조종사,130.0
127,2017,티웨이,소계,조종사,101.0
128,2017,티웨이,소계,조종사,231.0
129,2017,티웨이,소계,항공정비사,176.0
130,2017,티웨이,소계,운항관리사,26.0
131,2017,티웨이,소계,객실승무원,388.0
132,2017,티웨이,소계,계,821.0
133,2017,에어인천,내국인,조종사,10.0
134,2017,에어인천,내국인,조종사,5.0
135,2017,에어인천,내국인,조종사,15.0
136,2017,에어인천,내국인,항공정비사,19.0
137,2017,에어인천,내국인,운항관리사,5.0
138,2017,에어인천,내국인,계,39.0
139,2017,에어인천,외국인,조종사,0.0
140,2017,에어인천,외국인,계,0.0
141,2017,에어인천,소계,조종사,10.0
142,2017,에어인천,소계,조종사,5.0
143,2017,에어인천,소계,조종사,15.0
144,2017,에어인천,소계,항공정비사,19.0
145,2017,에어인천,소계,운항관리사,5.0
146,2017,에어인천,소계,객실승무원,0.0
147,2017,에어인천,소계,계,39.0
148,2017,에어서울,내국인,조종사,31.0
149,2017,에어서울,내국인,조종사,24.0
150,2017,에어서울,내국인,조종사,55.0
151,2017,에어서울,내국인,항공정비사,8.0
152,2017,에어서울,내국인,운항관리사,9.0
153,2017,에어서울,내국인,객실승무원,73.0
154,2017,에어서울,내국인,계,145.0
155,2017,에어서울,외국인,조종사,0.0
156,2017,에어서울,외국인,계,0.0
157,2017,에어서울,소계,조종사,31.0
158,2017,에어서울,소계,조종사,24.0
159,2017,에어서울,소계,조종사,55.0
160,2017,에어서울,소계,항공정비사,8.0
161,2017,에어서울,소계,운항관리사,9.0
162,2017,에어서울,소계,객실승무원,73.0
163,2017,에어서울,소계,계,145.0
164,2017,총계,내국인,조종사,2981.0
165,2017,총계,내국인,조종사,2085.0
166,2017,총계,내국인,조종사,5066.0
167,2017,총계,내국인,항공정비사,5097.0
168,2017,총계,내국인,운항관리사,439.0
169,2017,총계,내국인,객실승무원,12516.0
170,2017,총계,내국인,계,23118.0
171,2017,총계,외국인,조종사,545.0
172,2017,총계,외국인,조종사,40.0
173,2017,총계,외국인,조종사,585.0
174,2017,총계,외국인,항공정비사,3.0
175,2017,총계,외국인,운항관리사,0.0
176,2017,총계,외국인,객실승무원,716.0
177,2017,총계,외국인,계,1304.0
178,2017,총계,소계,조종사,3526.0
179,2017,총계,소계,조종사,2125.0
180,2017,총계,소계,조종사,5651.0
181,2017,총계,소계,항공정비사,5100.0
182,2017,총계,소계,운항관리사,439.0
183,2017,총계,소계,객실승무원,13232.0
184,2017,총계,소계,계,24422.0
185,2018,대한항공,내국인,조종사,1338.0
186,2018,대한항공,내국인,조종사,1024.0
187,2018,대한항공,내국인,조종사,2362.0
188,2018,대한항공,내국인,항공정비사,2787.0
189,2018,대한항공,내국인,운항관리사,170.0
190,2018,대한항공,내국인,객실승무원,6056.0
191,2018,대한항공,내국인,계,11466.0
192,2018,대한항공,외국인,조종사,383.0
193,2018,대한항공,외국인,조종사,8.0
194,2018,대한항공,외국인,조종사,391.0
195,2018,대한항공,외국인,항공정비사,0.0
196,2018,대한항공,외국인,운항관리사,0.0
197,2018,대한항공,외국인,객실승무원,323.0
198,2018,대한항공,외국인,계,714.0
199,2018,대한항공,소계,조종사,1721.0
200,2018,대한항공,소계,조종사,1032.0
201,2018,대한항공,소계,조종사,2753.0
202,2018,대한항공,소계,항공정비사,2787.0
203,2018,대한항공,소계,운항관리사,170.0
204,2018,대한항공,소계,객실승무원,6379.0
205,2018,대한항공,소계,계,12180.0
206,2018,아시아나항공,내국인,조종사,818.0
207,2018,아시아나항공,내국인,조종사,525.0
208,2018,아시아나항공,내국인,조종사,1343.0
209,2018,아시아나항공,내국인,항공정비사,1387.0
210,2018,아시아나항공,내국인,운항관리사,126.0
211,2018,아시아나항공,내국인,객실승무원,3619.0
212,2018,아시아나항공,내국인,계,6475.0
213,2018,아시아나항공,외국인,조종사,150.0
214,2018,아시아나항공,외국인,조종사,16.0
215,2018,아시아나항공,외국인,조종사,166.0
216,2018,아시아나항공,외국인,항공정비사,1.0
217,2018,아시아나항공,외국인,운항관리사,0.0
218,2018,아시아나항공,외국인,객실승무원,224.0
219,2018,아시아나항공,외국인,계,391.0
220,2018,아시아나항공,소계,조종사,968.0
221,2018,아시아나항공,소계,조종사,541.0
222,2018,아시아나항공,소계,조종사,1509.0
223,2018,아시아나항공,소계,항공정비사,1388.0
224,2018,아시아나항공,소계,운항관리사,126.0
225,2018,아시아나항공,소계,객실승무원,3843.0
226,2018,아시아나항공,소계,계,6866.0
227,2018,제주항공,내국인,조종사,242.0
228,2018,제주항공,내국인,조종사,249.0
229,2018,제주항공,내국인,조종사,491.0
230,2018,제주항공,내국인,항공정비사,373.0
231,2018,제주항공,내국인,운항관리사,42.0
232,2018,제주항공,내국인,객실승무원,852.0
233,2018,제주항공,내국인,계,1758.0
234,2018,제주항공,외국인,조종사,8.0
235,2018,제주항공,외국인,조종사,0.0
236,2018,제주항공,외국인,조종사,8.0
237,2018,제주항공,외국인,항공정비사,2.0
238,2018,제주항공,외국인,운항관리사,0.0
239,2018,제주항공,외국인,객실승무원,0.0
240,2018,제주항공,외국인,계,10.0
241,2018,제주항공,소계,조종사,250.0
242,2018,제주항공,소계,조종사,249.0
243,2018,제주항공,소계,조종사,499.0
244,2018,제주항공,소계,항공정비사,375.0
245,2018,제주항공,소계,운항관리사,42.0
246,2018,제주항공,소계,객실승무원,852.0
247,2018,제주항공,소계,계,1768.0
248,2018,진에어,내국인,조종사,226.0
249,2018,진에어,내국인,조종사,182.0
250,2018,진에어,내국인,조종사,408.0
251,2018,진에어,내국인,항공정비사,183.0
252,2018,진에어,내국인,운항관리사,36.0
253,2018,진에어,내국인,객실승무원,717.0
254,2018,진에어,내국인,계,1344.0
255,2018,진에어,외국인,조종사,5.0
256,2018,진에어,외국인,조종사,4.0
257,2018,진에어,외국인,조종사,9.0
258,2018,진에어,외국인,항공정비사,0.0
259,2018,진에어,외국인,운항관리사,0.0
260,2018,진에어,외국인,객실승무원,0.0
261,2018,진에어,외국인,계,9.0
262,2018,진에어,소계,조종사,231.0
263,2018,진에어,소계,조종사,186.0
264,2018,진에어,소계,조종사,417.0
265,2018,진에어,소계,항공정비사,183.0
266,2018,진에어,소계,운항관리사,36.0
267,2018,진에어,소계,객실승무원,717.0
268,2018,진에어,소계,계,1353.0
269,2018,에어부산,내국인,조종사,114.0
270,2018,에어부산,내국인,조종사,140.0
271,2018,에어부산,내국인,조종사,254.0
272,2018,에어부산,내국인,항공정비사,195.0
273,2018,에어부산,내국인,운항관리사,27.0
274,2018,에어부산,내국인,객실승무원,441.0
275,2018,에어부산,내국인,계,917.0
276,2018,에어부산,외국인,조종사,0.0
277,2018,에어부산,외국인,조종사,0.0
278,2018,에어부산,외국인,조종사,0.0
279,2018,에어부산,외국인,항공정비사,0.0
280,2018,에어부산,외국인,운항관리사,0.0
281,2018,에어부산,외국인,객실승무원,0.0
282,2018,에어부산,외국인,계,0.0
283,2018,에어부산,소계,조종사,114.0
284,2018,에어부산,소계,조종사,140.0
285,2018,에어부산,소계,조종사,254.0
286,2018,에어부산,소계,항공정비사,195.0
287,2018,에어부산,소계,운항관리사,27.0
288,2018,에어부산,소계,객실승무원,441.0
289,2018,에어부산,소계,계,917.0
290,2018,이스타항공,내국인,조종사,102.0
291,2018,이스타항공,내국인,조종사,113.0
292,2018,이스타항공,내국인,조종사,215.0
293,2018,이스타항공,내국인,항공정비사,182.0
294,2018,이스타항공,내국인,운항관리사,31.0
295,2018,이스타항공,내국인,객실승무원,444.0
296,2018,이스타항공,내국인,계,872.0
297,2018,이스타항공,외국인,조종사,4.0
298,2018,이스타항공,외국인,조종사,3.0
299,2018,이스타항공,외국인,조종사,7.0
300,2018,이스타항공,외국인,항공정비사,1.0
301,2018,이스타항공,외국인,운항관리사,0.0
302,2018,이스타항공,외국인,객실승무원,1.0
303,2018,이스타항공,외국인,계,9.0
304,2018,이스타항공,소계,조종사,106.0
305,2018,이스타항공,소계,조종사,116.0
306,2018,이스타항공,소계,조종사,222.0
307,2018,이스타항공,소계,항공정비사,183.0
308,2018,이스타항공,소계,운항관리사,31.0
309,2018,이스타항공,소계,객실승무원,445.0
310,2018,이스타항공,소계,계,881.0
311,2018,티웨이,내국인,조종사,155.0
312,2018,티웨이,내국인,조종사,132.0
313,2018,티웨이,내국인,조종사,287.0
314,2018,티웨이,내국인,항공정비사,228.0
315,2018,티웨이,내국인,운항관리사,30.0
316,2018,티웨이,내국인,객실승무원,593.0
317,2018,티웨이,내국인,계,1138.0
318,2018,티웨이,외국인,조종사,7.0
319,2018,티웨이,외국인,조종사,2.0
320,2018,티웨이,외국인,조종사,9.0
321,2018,티웨이,외국인,항공정비사,0.0
322,2018,티웨이,외국인,운항관리사,0.0
323,2018,티웨이,외국인,객실승무원,0.0
324,2018,티웨이,외국인,계,9.0
325,2018,티웨이,소계,조종사,162.0
326,2018,티웨이,소계,조종사,134.0
327,2018,티웨이,소계,조종사,296.0
328,2018,티웨이,소계,항공정비사,228.0
329,2018,티웨이,소계,운항관리사,30.0
330,2018,티웨이,소계,객실승무원,593.0
331,2018,티웨이,소계,계,1147.0
332,2018,에어인천,내국인,조종사,16.0
333,2018,에어인천,내국인,조종사,2.0
334,2018,에어인천,내국인,조종사,18.0
335,2018,에어인천,내국인,항공정비사,26.0
336,2018,에어인천,내국인,운항관리사,5.0
337,2018,에어인천,내국인,객실승무원,0.0
338,2018,에어인천,내국인,계,49.0
339,2018,에어인천,외국인,조종사,1.0
340,2018,에어인천,외국인,조종사,0.0
341,2018,에어인천,외국인,조종사,1.0
342,2018,에어인천,외국인,항공정비사,0.0
343,2018,에어인천,외국인,운항관리사,0.0
344,2018,에어인천,외국인,객실승무원,0.0
345,2018,에어인천,외국인,계,1.0
346,2018,에어인천,소계,조종사,17.0
347,2018,에어인천,소계,조종사,2.0
348,2018,에어인천,소계,조종사,19.0
349,2018,에어인천,소계,항공정비사,26.0
350,2018,에어인천,소계,운항관리사,5.0
351,2018,에어인천,소계,객실승무원,0.0
352,2018,에어인천,소계,계,50.0
353,2018,에어서울,내국인,조종사,55.0
354,2018,에어서울,내국인,조종사,61.0
355,2018,에어서울,내국인,조종사,116.0
356,2018,에어서울,내국인,항공정비사,18.0
357,2018,에어서울,내국인,운항관리사,8.0
358,2018,에어서울,내국인,객실승무원,134.0
359,2018,에어서울,내국인,계,276.0
360,2018,에어서울,외국인,조종사,0.0
361,2018,에어서울,외국인,조종사,0.0
362,2018,에어서울,외국인,조종사,0.0
363,2018,에어서울,외국인,항공정비사,0.0
364,2018,에어서울,외국인,운항관리사,0.0
365,2018,에어서울,외국인,객실승무원,0.0
366,2018,에어서울,외국인,계,0.0
367,2018,에어서울,소계,조종사,55.0
368,2018,에어서울,소계,조종사,61.0
369,2018,에어서울,소계,조종사,116.0
370,2018,에어서울,소계,항공정비사,18.0
371,2018,에어서울,소계,운항관리사,8.0
372,2018,에어서울,소계,객실승무원,134.0
373,2018,에어서울,소계,계,276.0
374,2018,총계,내국인,조종사,3066.0
375,2018,총계,내국인,조종사,2428.0
376,2018,총계,내국인,조종사,5494.0
377,2018,총계,내국인,항공정비사,5470.0
378,2018,총계,내국인,운항관리사,475.0
379,2018,총계,내국인,객실승무원,12856.0
380,2018,총계,내국인,계,24295.0
381,2018,총계,외국인,조종사,558.0
382,2018,총계,외국인,조종사,33.0
383,2018,총계,외국인,조종사,591.0
384,2018,총계,외국인,항공정비사,4.0
385,2018,총계,외국인,운항관리사,0.0
386,2018,총계,외국인,객실승무원,548.0
387,2018,총계,외국인,계,1143.0
388,2018,총계,소계,조종사,3624.0
389,2018,총계,소계,조종사,2461.0
390,2018,총계,소계,조종사,6085.0
391,2018,총계,소계,항공정비사,5474.0
392,2018,총계,소계,운항관리사,475.0
393,2018,총계,소계,객실승무원,13404.0
394,2018,총계,소계,계,25438.0
395,2019,대한항공,내국인,조종사,1425.0
396,2019,대한항공,내국인,조종사,1078.0
397,2019,대한항공,내국인,조종사,2503.0
398,2019,대한항공,내국인,항공정비사,2895.0
399,2019,대한항공,내국인,운항관리사,160.0
400,2019,대한항공,내국인,객실승무원,6479.0
401,2019,대한항공,내국인,계,12037.0
402,2019,대한항공,외국인,조종사,390.0
403,2019,대한항공,외국인,조종사,13.0
404,2019,대한항공,외국인,조종사,403.0
405,2019,대한항공,외국인,항공정비사,0.0
406,2019,대한항공,외국인,운항관리사,0.0
407,2019,대한항공,외국인,객실승무원,345.0
408,2019,대한항공,외국인,계,748.0
409,2019,대한항공,소계,조종사,1815.0
410,2019,대한항공,소계,조종사,1091.0
411,2019,대한항공,소계,조종사,2906.0
412,2019,대한항공,소계,항공정비사,2895.0
413,2019,대한항공,소계,운항관리사,160.0
414,2019,대한항공,소계,객실승무원,6824.0
415,2019,대한항공,소계,계,12785.0
416,2019,아시아나항공,내국인,조종사,916.0
417,2019,아시아나항공,내국인,조종사,562.0
418,2019,아시아나항공,내국인,조종사,1478.0
419,2019,아시아나항공,내국인,항공정비사,1490.0
420,2019,아시아나항공,내국인,운항관리사,123.0
421,2019,아시아나항공,내국인,객실승무원,3722.0
422,2019,아시아나항공,내국인,계,6813.0
423,2019,아시아나항공,외국인,조종사,113.0
424,2019,아시아나항공,외국인,조종사,10.0
425,2019,아시아나항공,외국인,조종사,123.0
426,2019,아시아나항공,외국인,항공정비사,1.0
427,2019,아시아나항공,외국인,운항관리사,0.0
428,2019,아시아나항공,외국인,객실승무원,345.0
429,2019,아시아나항공,외국인,계,469.0
430,2019,아시아나항공,소계,조종사,1029.0
431,2019,아시아나항공,소계,조종사,572.0
432,2019,아시아나항공,소계,조종사,1601.0
433,2019,아시아나항공,소계,항공정비사,1491.0
434,2019,아시아나항공,소계,운항관리사,123.0
435,2019,아시아나항공,소계,객실승무원,4067.0
436,2019,아시아나항공,소계,계,7282.0
437,2019,제주항공,내국인,조종사,371.0
438,2019,제주항공,내국인,조종사,268.0
439,2019,제주항공,내국인,조종사,639.0
440,2019,제주항공,내국인,항공정비사,540.0
441,2019,제주항공,내국인,운항관리사,49.0
442,2019,제주항공,내국인,객실승무원,1229.0
443,2019,제주항공,내국인,계,2457.0
444,2019,제주항공,외국인,조종사,21.0
445,2019,제주항공,외국인,조종사,0.0
446,2019,제주항공,외국인,조종사,21.0
447,2019,제주항공,외국인,항공정비사,2.0
448,2019,제주항공,외국인,운항관리사,0.0
449,2019,제주항공,외국인,객실승무원,8.0
450,2019,제주항공,외국인,계,31.0
451,2019,제주항공,소계,조종사,392.0
452,2019,제주항공,소계,조종사,268.0
453,2019,제주항공,소계,조종사,660.0
454,2019,제주항공,소계,항공정비사,542.0
455,2019,제주항공,소계,운항관리사,49.0
456,2019,제주항공,소계,객실승무원,1237.0
457,2019,제주항공,소계,계,2488.0
458,2019,진에어,내국인,조종사,248.0
459,2019,진에어,내국인,조종사,221.0
460,2019,진에어,내국인,조종사,469.0
461,2019,진에어,내국인,항공정비사,203.0
462,2019,진에어,내국인,운항관리사,35.0
463,2019,진에어,내국인,객실승무원,845.0
464,2019,진에어,내국인,계,1552.0
465,2019,진에어,외국인,조종사,6.0
466,2019,진에어,외국인,조종사,4.0
467,2019,진에어,외국인,조종사,10.0
468,2019,진에어,외국인,항공정비사,0.0
469,2019,진에어,외국인,운항관리사,0.0
470,2019,진에어,외국인,객실승무원,0.0
471,2019,진에어,외국인,계,10.0
472,2019,진에어,소계,조종사,254.0
473,2019,진에어,소계,조종사,225.0
474,2019,진에어,소계,조종사,479.0
475,2019,진에어,소계,항공정비사,203.0
476,2019,진에어,소계,운항관리사,35.0
477,2019,진에어,소계,객실승무원,845.0
478,2019,진에어,소계,계,1562.0
479,2019,에어부산,내국인,조종사,126.0
480,2019,에어부산,내국인,조종사,156.0
481,2019,에어부산,내국인,조종사,282.0
482,2019,에어부산,내국인,항공정비사,237.0
483,2019,에어부산,내국인,운항관리사,32.0
484,2019,에어부산,내국인,객실승무원,555.0
485,2019,에어부산,내국인,계,1106.0
486,2019,에어부산,외국인,조종사,2.0
487,2019,에어부산,외국인,조종사,6.0
488,2019,에어부산,외국인,조종사,8.0
489,2019,에어부산,외국인,항공정비사,2.0
490,2019,에어부산,외국인,운항관리사,10.0
491,2019,에어부산,외국인,객실승무원,
492,2019,에어부산,외국인,계,
493,2019,에어부산,소계,조종사,128.0
494,2019,에어부산,소계,조종사,162.0
495,2019,에어부산,소계,조종사,290.0
496,2019,에어부산,소계,항공정비사,237.0
497,2019,에어부산,소계,운항관리사,32.0
498,2019,에어부산,소계,객실승무원,557.0
499,2019,에어부산,소계,계,1116.0
500,2019,이스타항공,내국인,조종사,143.0
501,2019,이스타항공,내국인,조종사,175.0
502,2019,이스타항공,내국인,조종사,318.0
503,2019,이스타항공,내국인,항공정비사,222.0
504,2019,이스타항공,내국인,운항관리사,39.0
505,2019,이스타항공,내국인,객실승무원,560.0
506,2019,이스타항공,내국인,계,1139.0
507,2019,이스타항공,외국인,조종사,5.0
508,2019,이스타항공,외국인,조종사,4.0
509,2019,이스타항공,외국인,조종사,9.0
510,2019,이스타항공,외국인,항공정비사,1.0
511,2019,이스타항공,외국인,운항관리사,0.0
512,2019,이스타항공,외국인,객실승무원,1.0
513,2019,이스타항공,외국인,계,11.0
514,2019,이스타항공,소계,조종사,148.0
515,2019,이스타항공,소계,조종사,179.0
516,2019,이스타항공,소계,조종사,327.0
517,2019,이스타항공,소계,항공정비사,223.0
518,2019,이스타항공,소계,운항관리사,39.0
519,2019,이스타항공,소계,객실승무원,561.0
520,2019,이스타항공,소계,계,1150.0
521,2019,티웨이,내국인,조종사,234.0
522,2019,티웨이,내국인,조종사,193.0
523,2019,티웨이,내국인,조종사,427.0
524,2019,티웨이,내국인,항공정비사,303.0
525,2019,티웨이,내국인,운항관리사,40.0
526,2019,티웨이,내국인,객실승무원,744.0
527,2019,티웨이,내국인,계,1514.0
528,2019,티웨이,외국인,조종사,11.0
529,2019,티웨이,외국인,조종사,2.0
530,2019,티웨이,외국인,조종사,13.0
531,2019,티웨이,외국인,항공정비사,0.0
532,2019,티웨이,외국인,운항관리사,0.0
533,2019,티웨이,외국인,객실승무원,12.0
534,2019,티웨이,외국인,계,25.0
535,2019,티웨이,소계,조종사,245.0
536,2019,티웨이,소계,조종사,195.0
537,2019,티웨이,소계,조종사,440.0
538,2019,티웨이,소계,항공정비사,303.0
539,2019,티웨이,소계,운항관리사,40.0
540,2019,티웨이,소계,객실승무원,756.0
541,2019,티웨이,소계,계,1539.0
542,2019,에어인천,내국인,조종사,6.0
543,2019,에어인천,내국인,조종사,3.0
544,2019,에어인천,내국인,조종사,9.0
545,2019,에어인천,내국인,항공정비사,20.0
546,2019,에어인천,내국인,운항관리사,5.0
547,2019,에어인천,내국인,객실승무원,0.0
548,2019,에어인천,내국인,계,34.0
549,2019,에어인천,외국인,조종사,0.0
550,2019,에어인천,외국인,조종사,0.0
551,2019,에어인천,외국인,조종사,0.0
552,2019,에어인천,외국인,항공정비사,0.0
553,2019,에어인천,외국인,운항관리사,0.0
554,2019,에어인천,외국인,객실승무원,0.0
555,2019,에어인천,외국인,계,0.0
556,2019,에어인천,소계,조종사,6.0
557,2019,에어인천,소계,조종사,3.0
558,2019,에어인천,소계,조종사,9.0
559,2019,에어인천,소계,항공정비사,20.0
560,2019,에어인천,소계,운항관리사,5.0
561,2019,에어인천,소계,객실승무원,0.0
562,2019,에어인천,소계,계,34.0
563,2019,에어서울,내국인,조종사,54.0
564,2019,에어서울,내국인,조종사,63.0
565,2019,에어서울,내국인,조종사,117.0
566,2019,에어서울,내국인,항공정비사,26.0
567,2019,에어서울,내국인,운항관리사,15.0
568,2019,에어서울,내국인,객실승무원,186.0
569,2019,에어서울,내국인,계,344.0
570,2019,에어서울,외국인,조종사,2.0
571,2019,에어서울,외국인,조종사,2.0
572,2019,에어서울,외국인,조종사,2.0
573,2019,에어서울,소계,조종사,56.0
574,2019,에어서울,소계,조종사,63.0
575,2019,에어서울,소계,조종사,119.0
576,2019,에어서울,소계,항공정비사,26.0
577,2019,에어서울,소계,운항관리사,15.0
578,2019,에어서울,소계,객실승무원,186.0
579,2019,에어서울,소계,계,346.0
580,2019,플라이강원,내국인,조종사,18.0
581,2019,플라이강원,내국인,조종사,26.0
582,2019,플라이강원,내국인,조종사,44.0
583,2019,플라이강원,내국인,항공정비사,47.0
584,2019,플라이강원,내국인,운항관리사,8.0
585,2019,플라이강원,내국인,객실승무원,69.0
586,2019,플라이강원,내국인,계,168.0
587,2019,플라이강원,외국인,조종사,0.0
588,2019,플라이강원,외국인,조종사,1.0
589,2019,플라이강원,외국인,조종사,1.0
590,2019,플라이강원,외국인,항공정비사,0.0
591,2019,플라이강원,외국인,운항관리사,0.0
592,2019,플라이강원,외국인,객실승무원,0.0
593,2019,플라이강원,외국인,계,1.0
594,2019,플라이강원,소계,조종사,18.0
595,2019,플라이강원,소계,조종사,27.0
596,2019,플라이강원,소계,조종사,45.0
597,2019,플라이강원,소계,항공정비사,47.0
598,2019,플라이강원,소계,운항관리사,8.0
599,2019,플라이강원,소계,객실승무원,69.0
600,2019,플라이강원,소계,계,169.0
601,2019,총계,내국인,조종사,3541.0
602,2019,총계,내국인,조종사,2745.0
603,2019,총계,내국인,조종사,6286.0
604,2019,총계,내국인,항공정비사,5983.0
605,2019,총계,내국인,운항관리사,506.0
606,2019,총계,내국인,객실승무원,14389.0
607,2019,총계,내국인,계,27164.0
608,2019,총계,외국인,조종사,550.0
609,2019,총계,외국인,조종사,40.0
610,2019,총계,외국인,조종사,590.0
611,2019,총계,외국인,항공정비사,4.0
612,2019,총계,외국인,운항관리사,0.0
613,2019,총계,외국인,객실승무원,713.0
614,2019,총계,외국인,계,1307.0
615,2019,총계,소계,조종사,4091.0
616,2019,총계,소계,조종사,2785.0
617,2019,총계,소계,조종사,6876.0
618,2019,총계,소계,항공정비사,5987.0
619,2019,총계,소계,운항관리사,506.0
620,2019,총계,소계,객실승무원,15102.0
621,2019,총계,소계,계,28471.0
622,2020,대한항공,내국인,조종사,1383.0
623,2020,대한항공,내국인,조종사,1139.0
624,2020,대한항공,내국인,조종사,2522.0
625,2020,대한항공,내국인,항공정비사,2630.0
626,2020,대한항공,내국인,운항관리사,158.0
627,2020,대한항공,내국인,객실승무원,6440.0
628,2020,대한항공,내국인,계,11750.0
629,2020,대한항공,외국인,조종사,274.0
630,2020,대한항공,외국인,조종사,0.0
631,2020,대한항공,외국인,조종사,274.0
632,2020,대한항공,외국인,항공정비사,0.0
633,2020,대한항공,외국인,운항관리사,0.0
634,2020,대한항공,외국인,객실승무원,192.0
635,2020,대한항공,외국인,계,466.0
636,2020,대한항공,소계,조종사,1657.0
637,2020,대한항공,소계,조종사,1139.0
638,2020,대한항공,소계,조종사,2796.0
639,2020,대한항공,소계,항공정비사,2630.0
640,2020,대한항공,소계,운항관리사,158.0
641,2020,대한항공,소계,객실승무원,6632.0
642,2020,대한항공,소계,계,12216.0
643,2020,아시아나항공,내국인,조종사,966.0
644,2020,아시아나항공,내국인,조종사,491.0
645,2020,아시아나항공,내국인,조종사,1457.0
646,2020,아시아나항공,내국인,항공정비사,1434.0
647,2020,아시아나항공,내국인,운항관리사,121.0
648,2020,아시아나항공,내국인,객실승무원,3675.0
649,2020,아시아나항공,내국인,계,6687.0
650,2020,아시아나항공,외국인,조종사,44.0
651,2020,아시아나항공,외국인,조종사,4.0
652,2020,아시아나항공,외국인,조종사,48.0
653,2020,아시아나항공,외국인,항공정비사,1.0
654,2020,아시아나항공,외국인,객실승무원,153.0
655,2020,아시아나항공,외국인,계,202.0
656,2020,아시아나항공,소계,조종사,1010.0
657,2020,아시아나항공,소계,조종사,495.0
658,2020,아시아나항공,소계,조종사,1505.0
659,2020,아시아나항공,소계,항공정비사,1435.0
660,2020,아시아나항공,소계,운항관리사,121.0
661,2020,아시아나항공,소계,객실승무원,3828.0
662,2020,아시아나항공,소계,계,6889.0
663,2020,제주항공,내국인,조종사,413.0
664,2020,제주항공,내국인,조종사,289.0
665,2020,제주항공,내국인,조종사,702.0
666,2020,제주항공,내국인,항공정비사,501.0
667,2020,제주항공,내국인,운항관리사,55.0
668,2020,제주항공,내국인,객실승무원,1165.0
669,2020,제주항공,내국인,계,2423.0
670,2020,제주항공,외국인,조종사,5.0
671,2020,제주항공,외국인,조종사,0.0
672,2020,제주항공,외국인,조종사,5.0
673,2020,제주항공,외국인,항공정비사,0.0
674,2020,제주항공,외국인,운항관리사,0.0
675,2020,제주항공,외국인,객실승무원,0.0
676,2020,제주항공,외국인,계,5.0
677,2020,제주항공,소계,조종사,418.0
678,2020,제주항공,소계,조종사,289.0
679,2020,제주항공,소계,조종사,707.0
680,2020,제주항공,소계,항공정비사,501.0
681,2020,제주항공,소계,운항관리사,55.0
682,2020,제주항공,소계,객실승무원,1165.0
683,2020,제주항공,소계,계,2428.0
684,2020,진에어,내국인,조종사,258.0
685,2020,진에어,내국인,조종사,193.0
686,2020,진에어,내국인,조종사,451.0
687,2020,진에어,내국인,항공정비사,179.0
688,2020,진에어,내국인,운항관리사,33.0
689,2020,진에어,내국인,객실승무원,823.0
690,2020,진에어,내국인,계,1486.0
691,2020,진에어,외국인,조종사,6.0
692,2020,진에어,외국인,조종사,4.0
693,2020,진에어,외국인,조종사,10.0
694,2020,진에어,외국인,항공정비사,0.0
695,2020,진에어,외국인,운항관리사,0.0
696,2020,진에어,외국인,객실승무원,0.0
697,2020,진에어,외국인,계,10.0
698,2020,진에어,소계,조종사,264.0
699,2020,진에어,소계,조종사,197.0
700,2020,진에어,소계,조종사,461.0
701,2020,진에어,소계,항공정비사,179.0
702,2020,진에어,소계,운항관리사,33.0
703,2020,진에어,소계,객실승무원,823.0
704,2020,진에어,소계,계,1496.0
705,2020,에어부산,내국인,조종사,150.0
706,2020,에어부산,내국인,조종사,127.0
707,2020,에어부산,내국인,조종사,277.0
708,2020,에어부산,내국인,항공정비사,209.0
709,2020,에어부산,내국인,운항관리사,32.0
710,2020,에어부산,내국인,객실승무원,545.0
711,2020,에어부산,내국인,계,1063.0
712,2020,에어부산,외국인,조종사,7.0
713,2020,에어부산,외국인,조종사,0.0
714,2020,에어부산,외국인,조종사,7.0
715,2020,에어부산,외국인,항공정비사,0.0
716,2020,에어부산,외국인,운항관리사,0.0
717,2020,에어부산,외국인,객실승무원,1.0
718,2020,에어부산,외국인,계,8.0
719,2020,에어부산,소계,조종사,157.0
720,2020,에어부산,소계,조종사,127.0
721,2020,에어부산,소계,조종사,284.0
722,2020,에어부산,소계,항공정비사,209.0
723,2020,에어부산,소계,운항관리사,32.0
724,2020,에어부산,소계,객실승무원,546.0
725,2020,에어부산,소계,계,1071.0
726,2020,티웨이,내국인,조종사,242.0
727,2020,티웨이,내국인,조종사,164.0
728,2020,티웨이,내국인,조종사,406.0
729,2020,티웨이,내국인,항공정비사,228.0
730,2020,티웨이,내국인,운항관리사,39.0
731,2020,티웨이,내국인,객실승무원,752.0
732,2020,티웨이,내국인,계,1425.0
733,2020,티웨이,외국인,조종사,10.0
734,2020,티웨이,외국인,조종사,1.0
735,2020,티웨이,외국인,조종사,11.0
736,2020,티웨이,외국인,항공정비사,0.0
737,2020,티웨이,외국인,운항관리사,0.0
738,2020,티웨이,외국인,객실승무원,0.0
739,2020,티웨이,외국인,계,11.0
740,2020,티웨이,소계,조종사,252.0
741,2020,티웨이,소계,조종사,165.0
742,2020,티웨이,소계,조종사,417.0
743,2020,티웨이,소계,항공정비사,228.0
744,2020,티웨이,소계,운항관리사,39.0
745,2020,티웨이,소계,객실승무원,752.0
746,2020,티웨이,소계,계,1436.0
747,2020,에어인천,내국인,조종사,12.0
748,2020,에어인천,내국인,조종사,9.0
749,2020,에어인천,내국인,조종사,21.0
750,2020,에어인천,내국인,항공정비사,20.0
751,2020,에어인천,내국인,운항관리사,5.0
752,2020,에어인천,내국인,객실승무원,0.0
753,2020,에어인천,내국인,계,46.0
754,2020,에어인천,외국인,조종사,0.0
755,2020,에어인천,외국인,조종사,0.0
756,2020,에어인천,외국인,조종사,0.0
757,2020,에어인천,외국인,항공정비사,0.0
758,2020,에어인천,외국인,운항관리사,0.0
759,2020,에어인천,외국인,객실승무원,0.0
760,2020,에어인천,외국인,계,0.0
761,2020,에어인천,소계,조종사,12.0
762,2020,에어인천,소계,조종사,9.0
763,2020,에어인천,소계,조종사,21.0
764,2020,에어인천,소계,항공정비사,20.0
765,2020,에어인천,소계,운항관리사,5.0
766,2020,에어인천,소계,객실승무원,0.0
767,2020,에어인천,소계,계,46.0
768,2020,에어서울,내국인,조종사,58.0
769,2020,에어서울,내국인,조종사,56.0
770,2020,에어서울,내국인,조종사,114.0
771,2020,에어서울,내국인,항공정비사,28.0
772,2020,에어서울,내국인,운항관리사,15.0
773,2020,에어서울,내국인,객실승무원,180.0
774,2020,에어서울,내국인,계,337.0
775,2020,에어서울,외국인,조종사,2.0
776,2020,에어서울,외국인,조종사,0.0
777,2020,에어서울,외국인,조종사,2.0
778,2020,에어서울,외국인,항공정비사,0.0
779,2020,에어서울,외국인,운항관리사,0.0
780,2020,에어서울,외국인,객실승무원,0.0
781,2020,에어서울,외국인,계,2.0
782,2020,에어서울,소계,조종사,60.0
783,2020,에어서울,소계,조종사,56.0
784,2020,에어서울,소계,조종사,116.0
785,2020,에어서울,소계,항공정비사,28.0
786,2020,에어서울,소계,운항관리사,15.0
787,2020,에어서울,소계,객실승무원,180.0
788,2020,에어서울,소계,계,339.0
789,2020,플라이강원,내국인,조종사,17.0
790,2020,플라이강원,내국인,조종사,26.0
791,2020,플라이강원,내국인,조종사,43.0
792,2020,플라이강원,내국인,항공정비사,38.0
793,2020,플라이강원,내국인,운항관리사,7.0
794,2020,플라이강원,내국인,객실승무원,56.0
795,2020,플라이강원,내국인,계,144.0
796,2020,플라이강원,외국인,조종사,0.0
797,2020,플라이강원,외국인,조종사,1.0
798,2020,플라이강원,외국인,조종사,1.0
799,2020,플라이강원,외국인,항공정비사,0.0
800,2020,플라이강원,외국인,운항관리사,0.0
801,2020,플라이강원,외국인,객실승무원,0.0
802,2020,플라이강원,외국인,계,1.0
803,2020,플라이강원,소계,조종사,17.0
804,2020,플라이강원,소계,조종사,27.0
805,2020,플라이강원,소계,조종사,44.0
806,2020,플라이강원,소계,항공정비사,38.0
807,2020,플라이강원,소계,운항관리사,7.0
808,2020,플라이강원,소계,객실승무원,56.0
809,2020,플라이강원,소계,계,145.0
810,2020,총계,내국인,조종사,3499.0
811,2020,총계,내국인,조종사,2494.0
812,2020,총계,내국인,조종사,5993.0
813,2020,총계,내국인,항공정비사,5267.0
814,2020,총계,내국인,운항관리사,465.0
815,2020,총계,내국인,객실승무원,13636.0
816,2020,총계,내국인,계,25361.0
817,2020,총계,외국인,조종사,348.0
818,2020,총계,외국인,조종사,10.0
819,2020,총계,외국인,조종사,358.0
820,2020,총계,외국인,항공정비사,1.0
821,2020,총계,외국인,운항관리사,0.0
822,2020,총계,외국인,객실승무원,346.0
823,2020,총계,외국인,계,705.0
824,2020,총계,소계,조종사,3847.0
825,2020,총계,소계,조종사,2504.0
826,2020,총계,소계,조종사,6351.0
827,2020,총계,소계,항공정비사,5268.0
828,2020,총계,소계,운항관리사,465.0
829,2020,총계,소계,객실승무원,13982.0
830,2020,총계,소계,계,26066.0
831,2021,대한항공,내국인,조종사,1603.0
832,2021,대한항공,내국인,조종사,940.0
833,2021,대한항공,내국인,조종사,2543.0
834,2021,대한항공,내국인,항공정비사,2804.0
835,2021,대한항공,내국인,운항관리사,163.0
836,2021,대한항공,내국인,객실승무원,6211.0
837,2021,대한항공,내국인,계,11721.0
838,2021,대한항공,외국인,조종사,250.0
839,2021,대한항공,외국인,조종사,0.0
840,2021,대한항공,외국인,조종사,250.0
841,2021,대한항공,외국인,항공정비사,0.0
842,2021,대한항공,외국인,운항관리사,0.0
843,2021,대한항공,외국인,객실승무원,148.0
844,2021,대한항공,외국인,계,398.0
845,2021,대한항공,소계,조종사,1853.0
846,2021,대한항공,소계,조종사,940.0
847,2021,대한항공,소계,조종사,2793.0
848,2021,대한항공,소계,항공정비사,2804.0
849,2021,대한항공,소계,운항관리사,163.0
850,2021,대한항공,소계,객실승무원,6359.0
851,2021,대한항공,소계,계,12119.0
852,2021,아시아나항공,내국인,조종사,960.0
853,2021,아시아나항공,내국인,조종사,463.0
854,2021,아시아나항공,내국인,조종사,1423.0
855,2021,아시아나항공,내국인,항공정비사,1276.0
856,2021,아시아나항공,내국인,운항관리사,117.0
857,2021,아시아나항공,내국인,객실승무원,3593.0
858,2021,아시아나항공,내국인,계,6409.0
859,2021,아시아나항공,외국인,조종사,30.0
860,2021,아시아나항공,외국인,조종사,0.0
861,2021,아시아나항공,외국인,조종사,30.0
862,2021,아시아나항공,외국인,항공정비사,1.0
863,2021,아시아나항공,외국인,운항관리사,0.0
864,2021,아시아나항공,외국인,객실승무원,30.0
865,2021,아시아나항공,외국인,계,61.0
866,2021,아시아나항공,소계,조종사,990.0
867,2021,아시아나항공,소계,조종사,463.0
868,2021,아시아나항공,소계,조종사,1453.0
869,2021,아시아나항공,소계,항공정비사,1277.0
870,2021,아시아나항공,소계,운항관리사,117.0
871,2021,아시아나항공,소계,객실승무원,3623.0
872,2021,아시아나항공,소계,계,6470.0
873,2021,제주항공,내국인,조종사,398.0
874,2021,제주항공,내국인,조종사,289.0
875,2021,제주항공,내국인,조종사,687.0
876,2021,제주항공,내국인,항공정비사,473.0
877,2021,제주항공,내국인,운항관리사,47.0
878,2021,제주항공,내국인,객실승무원,1139.0
879,2021,제주항공,내국인,계,2346.0
880,2021,제주항공,외국인,조종사,3.0
881,2021,제주항공,외국인,조종사,0.0
882,2021,제주항공,외국인,조종사,3.0
883,2021,제주항공,외국인,항공정비사,1.0
884,2021,제주항공,외국인,운항관리사,0.0
885,2021,제주항공,외국인,객실승무원,0.0
886,2021,제주항공,외국인,계,4.0
887,2021,제주항공,소계,조종사,401.0
888,2021,제주항공,소계,조종사,289.0
889,2021,제주항공,소계,조종사,690.0
890,2021,제주항공,소계,항공정비사,474.0
891,2021,제주항공,소계,운항관리사,47.0
892,2021,제주항공,소계,객실승무원,1139.0
893,2021,제주항공,소계,계,2350.0
894,2021,진에어,내국인,조종사,303.0
895,2021,진에어,내국인,조종사,142.0
896,2021,진에어,내국인,조종사,445.0
897,2021,진에어,내국인,항공정비사,151.0
898,2021,진에어,내국인,운항관리사,45.0
899,2021,진에어,내국인,객실승무원,782.0
900,2021,진에어,내국인,계,1423.0
901,2021,진에어,외국인,조종사,9.0
902,2021,진에어,외국인,조종사,1.0
903,2021,진에어,외국인,조종사,10.0
904,2021,진에어,외국인,항공정비사,0.0
905,2021,진에어,외국인,운항관리사,0.0
906,2021,진에어,외국인,객실승무원,0.0
907,2021,진에어,외국인,계,10.0
908,2021,진에어,소계,조종사,312.0
909,2021,진에어,소계,조종사,143.0
910,2021,진에어,소계,조종사,455.0
911,2021,진에어,소계,항공정비사,151.0
912,2021,진에어,소계,운항관리사,45.0
913,2021,진에어,소계,객실승무원,782.0
914,2021,진에어,소계,계,1433.0
915,2021,에어부산,내국인,조종사,271.0
916,2021,에어부산,내국인,조종사,0.0
917,2021,에어부산,내국인,조종사,271.0
918,2021,에어부산,내국인,항공정비사,185.0
919,2021,에어부산,내국인,운항관리사,32.0
920,2021,에어부산,내국인,객실승무원,526.0
921,2021,에어부산,내국인,계,1014.0
922,2021,에어부산,외국인,조종사,7.0
923,2021,에어부산,외국인,조종사,0.0
924,2021,에어부산,외국인,조종사,7.0
925,2021,에어부산,외국인,항공정비사,0.0
926,2021,에어부산,외국인,운항관리사,0.0
927,2021,에어부산,외국인,객실승무원,1.0
928,2021,에어부산,외국인,계,8.0
929,2021,에어부산,소계,조종사,278.0
930,2021,에어부산,소계,조종사,0.0
931,2021,에어부산,소계,조종사,278.0
932,2021,에어부산,소계,항공정비사,185.0
933,2021,에어부산,소계,운항관리사,32.0
934,2021,에어부산,소계,객실승무원,527.0
935,2021,에어부산,소계,계,1022.0
936,2021,이스타항공,내국인,조종사,46.0
937,2021,이스타항공,내국인,조종사,28.0
938,2021,이스타항공,내국인,조종사,74.0
939,2021,이스타항공,내국인,항공정비사,131.0
940,2021,이스타항공,내국인,운항관리사,12.0
941,2021,이스타항공,내국인,객실승무원,150.0
942,2021,이스타항공,내국인,계,367.0
943,2021,이스타항공,외국인,조종사,0.0
944,2021,이스타항공,외국인,조종사,0.0
945,2021,이스타항공,외국인,조종사,0.0
946,2021,이스타항공,외국인,항공정비사,1.0
947,2021,이스타항공,외국인,운항관리사,0.0
948,2021,이스타항공,외국인,객실승무원,0.0
949,2021,이스타항공,외국인,계,1.0
950,2021,이스타항공,소계,조종사,46.0
951,2021,이스타항공,소계,조종사,28.0
952,2021,이스타항공,소계,조종사,74.0
953,2021,이스타항공,소계,항공정비사,132.0
954,2021,이스타항공,소계,운항관리사,12.0
955,2021,이스타항공,소계,객실승무원,150.0
956,2021,이스타항공,소계,계,368.0
957,2021,티웨이,내국인,조종사,216.0
958,2021,티웨이,내국인,조종사,147.0
959,2021,티웨이,내국인,조종사,363.0
960,2021,티웨이,내국인,항공정비사,282.0
961,2021,티웨이,내국인,운항관리사,38.0
962,2021,티웨이,내국인,객실승무원,730.0
963,2021,티웨이,내국인,계,1413.0
964,2021,티웨이,외국인,조종사,9.0
965,2021,티웨이,외국인,조종사,1.0
966,2021,티웨이,외국인,조종사,10.0
967,2021,티웨이,외국인,항공정비사,0.0
968,2021,티웨이,외국인,운항관리사,0.0
969,2021,티웨이,외국인,객실승무원,0.0
970,2021,티웨이,외국인,계,10.0
971,2021,티웨이,소계,조종사,225.0
972,2021,티웨이,소계,조종사,147.0
973,2021,티웨이,소계,조종사,373.0
974,2021,티웨이,소계,항공정비사,282.0
975,2021,티웨이,소계,운항관리사,38.0
976,2021,티웨이,소계,객실승무원,730.0
977,2021,티웨이,소계,계,1423.0
978,2021,에어인천,내국인,조종사,25.0
979,2021,에어인천,내국인,조종사,14.0
980,2021,에어인천,내국인,조종사,39.0
981,2021,에어인천,내국인,항공정비사,38.0
982,2021,에어인천,내국인,운항관리사,6.0
983,2021,에어인천,내국인,객실승무원,0.0
984,2021,에어인천,내국인,계,83.0
985,2021,에어인천,외국인,조종사,0.0
986,2021,에어인천,외국인,조종사,0.0
987,2021,에어인천,외국인,조종사,0.0
988,2021,에어인천,외국인,항공정비사,0.0
989,2021,에어인천,외국인,운항관리사,0.0
990,2021,에어인천,외국인,객실승무원,0.0
991,2021,에어인천,외국인,계,0.0
992,2021,에어인천,소계,조종사,25.0
993,2021,에어인천,소계,조종사,14.0
994,2021,에어인천,소계,조종사,39.0
995,2021,에어인천,소계,항공정비사,38.0
996,2021,에어인천,소계,운항관리사,6.0
997,2021,에어인천,소계,객실승무원,0.0
998,2021,에어인천,소계,계,83.0
999,2021,에어서울,내국인,조종사,58.0
1000,2021,에어서울,내국인,조종사,56.0
1001,2021,에어서울,내국인,조종사,114.0
1002,2021,에어서울,내국인,항공정비사,25.0
1003,2021,에어서울,내국인,운항관리사,12.0
1004,2021,에어서울,내국인,객실승무원,178.0
1005,2021,에어서울,내국인,계,329.0
1006,2021,에어서울,외국인,조종사,2.0
1007,2021,에어서울,외국인,조종사,0.0
1008,2021,에어서울,외국인,조종사,2.0
1009,2021,에어서울,외국인,항공정비사,0.0
1010,2021,에어서울,외국인,운항관리사,0.0
1011,2021,에어서울,외국인,객실승무원,0.0
1012,2021,에어서울,외국인,계,2.0
1013,2021,에어서울,소계,조종사,60.0
1014,2021,에어서울,소계,조종사,56.0
1015,2021,에어서울,소계,조종사,116.0
1016,2021,에어서울,소계,항공정비사,25.0
1017,2021,에어서울,소계,운항관리사,12.0
1018,2021,에어서울,소계,객실승무원,178.0
1019,2021,에어서울,소계,계,331.0
1020,2021,플라이강원,내국인,조종사,17.0
1021,2021,플라이강원,내국인,조종사,14.0
1022,2021,플라이강원,내국인,조종사,31.0
1023,2021,플라이강원,내국인,항공정비사,36.0
1024,2021,플라이강원,내국인,운항관리사,7.0
1025,2021,플라이강원,내국인,객실승무원,53.0
1026,2021,플라이강원,내국인,계,127.0
1027,2021,플라이강원,외국인,조종사,0.0
1028,2021,플라이강원,외국인,조종사,0.0
1029,2021,플라이강원,외국인,조종사,0.0
1030,2021,플라이강원,외국인,항공정비사,0.0
1031,2021,플라이강원,외국인,운항관리사,0.0
1032,2021,플라이강원,외국인,객실승무원,0.0
1033,2021,플라이강원,외국인,계,0.0
1034,2021,플라이강원,소계,조종사,17.0
1035,2021,플라이강원,소계,조종사,14.0
1036,2021,플라이강원,소계,조종사,31.0
1037,2021,플라이강원,소계,항공정비사,36.0
1038,2021,플라이강원,소계,운항관리사,7.0
1039,2021,플라이강원,소계,객실승무원,53.0
1040,2021,플라이강원,소계,계,127.0
1041,2021,에어로케이,내국인,조종사,7.0
1042,2021,에어로케이,내국인,조종사,7.0
1043,2021,에어로케이,내국인,조종사,14.0
1044,2021,에어로케이,내국인,항공정비사,35.0
1045,2021,에어로케이,내국인,운항관리사,6.0
1046,2021,에어로케이,내국인,객실승무원,16.0
1047,2021,에어로케이,내국인,계,71.0
1048,2021,에어로케이,외국인,조종사,1.0
1049,2021,에어로케이,외국인,조종사,0.0
1050,2021,에어로케이,외국인,조종사,1.0
1051,2021,에어로케이,외국인,항공정비사,0.0
1052,2021,에어로케이,외국인,운항관리사,0.0
1053,2021,에어로케이,외국인,객실승무원,0.0
1054,2021,에어로케이,외국인,계,1.0
1055,2021,에어로케이,소계,조종사,8.0
1056,2021,에어로케이,소계,조종사,7.0
1057,2021,에어로케이,소계,조종사,15.0
1058,2021,에어로케이,소계,항공정비사,35.0
1059,2021,에어로케이,소계,운항관리사,6.0
1060,2021,에어로케이,소계,객실승무원,16.0
1061,2021,에어로케이,소계,계,72.0
1062,2021,에어프레미아,내국인,조종사,35.0
1063,2021,에어프레미아,내국인,조종사,3.0
1064,2021,에어프레미아,내국인,조종사,38.0
1065,2021,에어프레미아,내국인,항공정비사,40.0
1066,2021,에어프레미아,내국인,운항관리사,9.0
1067,2021,에어프레미아,내국인,객실승무원,101.0
1068,2021,에어프레미아,내국인,계,189.0
1069,2021,에어프레미아,외국인,조종사,0.0
1070,2021,에어프레미아,외국인,조종사,0.0
1071,2021,에어프레미아,외국인,조종사,0.0
1072,2021,에어프레미아,외국인,항공정비사,1.0
1073,2021,에어프레미아,외국인,운항관리사,0.0
1074,2021,에어프레미아,외국인,객실승무원,0.0
1075,2021,에어프레미아,외국인,계,0.0
1076,2021,에어프레미아,소계,조종사,35.0
1077,2021,에어프레미아,소계,조종사,3.0
1078,2021,에어프레미아,소계,조종사,38.0
1079,2021,에어프레미아,소계,항공정비사,41.0
1080,2021,에어프레미아,소계,운항관리사,9.0
1081,2021,에어프레미아,소계,객실승무원,101.0
1082,2021,에어프레미아,소계,계,189.0
1083,2021,총계,내국인,조종사,3939.0
1084,2021,총계,내국인,조종사,2103.0
1085,2021,총계,내국인,조종사,6042.0
1086,2021,총계,내국인,항공정비사,5476.0
1087,2021,총계,내국인,운항관리사,494.0
1088,2021,총계,내국인,객실승무원,13479.0
1089,2021,총계,내국인,계,25495.0
1090,2021,총계,외국인,조종사,311.0
1091,2021,총계,외국인,조종사,2.0
1092,2021,총계,외국인,조종사,313.0
1093,2021,총계,외국인,항공정비사,4.0
1094,2021,총계,외국인,운항관리사,0.0
1095,2021,총계,외국인,객실승무원,179.0
1096,2021,총계,외국인,계,465.0
1097,2021,총계,소계,조종사,4250.0
1098,2021,총계,소계,조종사,2105.0
1099,2021,총계,소계,조종사,6355.0
1100,2021,총계,소계,항공정비사,5480.0
1101,2021,총계,소계,운항관리사,494.0
1102,2021,총계,소계,객실승무원,13658.0
1103,2021,총계,소계,계,25960.0
